abiword	3.0.5~dfsg-3.2
abiword-common	3.0.5~dfsg-3.2
adduser	3.134
adwaita-icon-theme	43-1
alsa-utils	1.2.8-1
apt	2.6.1
apt-utils	2.6.1
armbian-bsp-cli-q8-a33-legacy	26.08.0-trunk
armbian-config	26.8.0-trunk.426.0802.193312
armbian-firmware	26.08.0-trunk
at-spi2-common	2.46.0-5
at-spi2-core	2.46.0-5
base-files	26.08.0-trunk-12.4+deb12u15-bookworm
base-passwd	3.6.1
bash	5.2.15-2+b13
bash-completion	1:2.11-6
bc	1.07.1-3
binutils	2.40-2
binutils-arm-linux-gnueabihf	2.40-2
binutils-common:armhf	2.40-2
blueman	2.3.5-2+b1
bluez	5.66-1+rpt1+deb12u2
bluez-obexd	5.66-1+deb12u2
bsdextrautils	2.38.1-5+deb12u3
bsdutils	1:2.38.1-5+deb12u3
btrfs-progs	6.2-1+deb12u2
bubblewrap	0.8.0-2+deb12u1
build-essential	12.9
bzip2	1.0.8-5+b1
ca-certificates	20230311+deb12u1
console-setup	1.221
console-setup-linux	1.221
coreutils	9.1-1
cpio	2.13+dfsg-7.1
cpp	4:12.2.0-3
cpp-12	12.2.0-14+deb12u1
cron	3.0pl1-162
cron-daemon-common	3.0pl1-162
curl	7.88.1-10+deb12u15
dash	0.5.12-2
dbus	1.14.10-1~deb12u1
dbus-bin	1.14.10-1~deb12u1
dbus-daemon	1.14.10-1~deb12u1
dbus-session-bus-common	1.14.10-1~deb12u1
dbus-system-bus-common	1.14.10-1~deb12u1
dbus-user-session	1.14.10-1~deb12u1
dbus-x11	1.14.10-1~deb12u1
dconf-gsettings-backend:armhf	0.40.0-4
dconf-service	0.40.0-4
debconf	1.5.82
debconf-utils	1.5.82
debian-archive-keyring	2023.3+deb12u2
debianutils	5.7-0.5~deb12u1
debsums	3.0.2.1
desktop-file-utils	0.26-1
device-tree-compiler	1.6.1-4+b1
dialog	1.3-20230209-1
dictionaries-common	1.29.5
diffutils	1:3.8-4
dillo	3.0.5-7+b1
dirmngr	2.2.40-1.1+deb12u2
dmsetup	2:1.02.185-2
dosfstools	4.2-1
dpkg	1.21.23
dpkg-dev	1.21.23
dunst	1.9.0-0.1
e2fsprogs	1.47.0-2+b2
emacsen-common	3.0.5
evolution-data-server-common	3.46.4-2
evtest	1:1.35-1
expect	5.45.4-2+b1
fake-hwclock	0.12+nmu1
fastfetch	2.66.0
fdisk	2.38.1-5+deb12u3
feh	3.9.1-2
ffmpeg	7:5.1.9-0+deb12u1
figlet	2.2.5-3
findutils	4.9.0-4
fontconfig	2.14.1-4
fontconfig-config	2.14.1-4
fonts-dejavu	2.37-6
fonts-dejavu-core	2.37-6
fonts-dejavu-extra	2.37-6
fonts-urw-base35	20200910-7
fping	5.1-1
g++	4:12.2.0-3
g++-12	12.2.0-14+deb12u1
gcc	4:12.2.0-3
gcc-12	12.2.0-14+deb12u1
gcc-12-base:armhf	12.2.0-14+deb12u1
gir1.2-atk-1.0:armhf	2.46.0-5
gir1.2-atspi-2.0:armhf	2.46.0-5
gir1.2-freedesktop:armhf	1.74.0-3
gir1.2-gdkpixbuf-2.0:armhf	2.42.10+dfsg-1+deb12u4
gir1.2-glib-2.0:armhf	1.74.0-3
gir1.2-gtk-3.0:armhf	3.24.38-2~deb12u3
gir1.2-harfbuzz-0.0:armhf	6.0.0+dfsg-3
gir1.2-nm-1.0:armhf	1.42.4-1+deb12u1
gir1.2-pango-1.0:armhf	1.50.12+ds-1
glib-networking:armhf	2.74.0-4
glib-networking-common	2.74.0-4
glib-networking-services	2.74.0-4
gnumeric	1.12.55-1
gnumeric-common	1.12.55-1
gnupg	2.2.40-1.1+deb12u2
gnupg-l10n	2.2.40-1.1+deb12u2
gnupg-utils	2.2.40-1.1+deb12u2
gnupg2	2.2.40-1.1+deb12u2
gpg	2.2.40-1.1+deb12u2
gpg-agent	2.2.40-1.1+deb12u2
gpg-wks-client	2.2.40-1.1+deb12u2
gpg-wks-server	2.2.40-1.1+deb12u2
gpgconf	2.2.40-1.1+deb12u2
gpgsm	2.2.40-1.1+deb12u2
gpgv	2.2.40-1.1+deb12u2
gpiod	1.6.3-1+b3
grep	3.8-5
groff-base	1.22.4-10
gsettings-desktop-schemas	43.0-1
gsfonts	2:20200910-7
gstreamer1.0-plugins-base:armhf	1.22.0-3+deb12u6
gstreamer1.0-plugins-good:armhf	1.22.0-5+deb12u3
gtk-update-icon-cache	3.24.38-2~deb12u3
gzip	1.12-1
hicolor-icon-theme	0.17-2
hostname	3.23+nmu1
htop	3.2.2-2
hunspell-en-us	1:2020.12.07-2
icewm	3.3.1-1
icewm-common	3.3.1-1
init	1.65.2+deb12u1
init-system-helpers	1.65.2+deb12u1
initramfs-tools	0.142+deb12u3
initramfs-tools-core	0.142+deb12u3
iproute2	6.1.0-3
iputils-ping	3:20221126-1+deb12u1
iso-codes	4.15.0-1
iw	5.19-1
jq	1.6-2.1+deb12u2
kbd	2.5.1-1+b1
keyboard-configuration	1.221
klibc-utils	2.0.12-1
kmod	30+20221128-1
less	590-2.1~deb12u2
libaa1:armhf	1.4p5-50
libabiword-3.0:armhf	3.0.5~dfsg-3.2
libabsl20220623:armhf	20220623.1-1+deb12u2
libacl1:armhf	2.3.1-3
libao-common	1.2.2+20180113-1.1
libao4:armhf	1.2.2+20180113-1.1
libaom3:armhf	3.6.0-1+deb12u2
libapparmor1:armhf	3.0.8-3
libapt-pkg6.0:armhf	2.6.1
libarchive13:armhf	3.6.2-1+deb12u4
libargon2-1:armhf	0~20171227-0.3+deb12u1
libasan8:armhf	12.2.0-14+deb12u1
libasound2:armhf	1.2.8-1+b1
libasound2-data	1.2.8-1
libaspell15:armhf	0.60.8-4+b1
libass9:armhf	1:0.17.1-1
libassuan0:armhf	2.5.5-5
libasyncns0:armhf	0.8-6+b3
libatk-bridge2.0-0:armhf	2.46.0-5
libatk1.0-0:armhf	2.46.0-5
libatomic1:armhf	12.2.0-14+deb12u1
libatopology2:armhf	1.2.8-1+b1
libatspi2.0-0:armhf	2.46.0-5
libattr1:armhf	1:2.5.1-4
libaudit-common	1:3.0.9-1
libaudit1:armhf	1:3.0.9-1
libavahi-client3:armhf	0.8-10+deb12u1
libavahi-common-data:armhf	0.8-10+deb12u1
libavahi-common3:armhf	0.8-10+deb12u1
libavc1394-0:armhf	0.5.4-5
libavcodec59:armhf	7:5.1.9-0+deb12u1
libavdevice59:armhf	7:5.1.9-0+deb12u1
libavfilter8:armhf	7:5.1.9-0+deb12u1
libavformat59:armhf	7:5.1.9-0+deb12u1
libavif15:armhf	0.11.1-1+deb12u1
libavutil57:armhf	7:5.1.9-0+deb12u1
libbinutils:armhf	2.40-2
libblas3:armhf	3.11.0-2
libblkid1:armhf	2.38.1-5+deb12u3
libbluetooth3:armhf	5.66-1+deb12u2
libbluray2:armhf	1:1.3.4-1
libbpf1:armhf	1:1.1.2-0+deb12u1
libbrotli1:armhf	1.0.9-2+b6
libbs2b0:armhf	3.1.0+dfsg-7
libbsd0:armhf	0.11.7-2
libbz2-1.0:armhf	1.0.8-5+b1
libc-bin	2.36-9+deb12u14
libc-dev-bin	2.36-9+deb12u14
libc-l10n	2.36-9+deb12u14
libc6:armhf	2.36-9+deb12u14
libc6-dev:armhf	2.36-9+deb12u14
libcaca0:armhf	0.99.beta20-3+deb12u1
libcairo-gobject2:armhf	1.16.0-7
libcairo2:armhf	1.16.0-7
libcamel-1.2-64:armhf	3.46.4-2
libcanberra0:armhf	0.30-10
libcap-ng0:armhf	0.8.3-1+b3
libcap2:armhf	1:2.66-4+deb12u3+b1
libcap2-bin	1:2.66-4+deb12u3+b1
libcbor0.8:armhf	0.8.0-2+b1
libcc1-0:armhf	12.2.0-14+deb12u1
libcdio-cdda2:armhf	10.2+2.0.1-1
libcdio-paranoia2:armhf	10.2+2.0.1-1
libcdio19:armhf	2.1.0-4
libcdparanoia0:armhf	3.10.2+debian-14
libchromaprint1:armhf	1.5.1-2+b1
libcjson1:armhf	1.7.15-1+deb12u4
libcodec2-1.0:armhf	1.0.5-1
libcolord2:armhf	1.4.6-2.2
libcom-err2:armhf	1.47.0-2+b2
libcrypt-dev:armhf	1:4.4.33-2
libcrypt1:armhf	1:4.4.33-2
libcryptsetup12:armhf	2:2.6.1-4~deb12u2
libctf-nobfd0:armhf	2.40-2
libctf0:armhf	2.40-2
libcups2:armhf	2.4.2-3+deb12u9
libcurl3-gnutls:armhf	7.88.1-10+deb12u15
libcurl4:armhf	7.88.1-10+deb12u15
libdatrie1:armhf	0.2.13-2+b1
libdav1d6:armhf	1.0.0-2+deb12u1
libdb5.3:armhf	5.3.28+dfsg2-1
libdbus-1-3:armhf	1.14.10-1~deb12u1
libdbus-glib-1-2:armhf	0.112-3
libdc1394-25:armhf	2.2.6-4
libdconf1:armhf	0.40.0-4
libde265-0:armhf	1.0.11-1+deb12u2
libdebconfclient0:armhf	0.270
libdecor-0-0:armhf	0.1.1-2
libdeflate0:armhf	1.14-1
libdevmapper1.02.1:armhf	2:1.02.185-2
libdouble-conversion3:armhf	3.2.1-1
libdpkg-perl	1.21.23
libdrm-amdgpu1:armhf	2.4.114-1+b1
libdrm-common	2.4.114-1
libdrm-nouveau2:armhf	2.4.114-1+b1
libdrm-radeon1:armhf	2.4.114-1+b1
libdrm2:armhf	2.4.114-1+b1
libduktape207:armhf	2.7.0-2
libdv4:armhf	1.0.0-15
libdvdnav4:armhf	6.1.1-1
libdvdread8:armhf	6.1.3-1
libdw1:armhf	0.188-2.1
libebook-contacts-1.2-4:armhf	3.46.4-2
libedataserver-1.2-27:armhf	3.46.4-2
libedit2:armhf	3.1-20221030-2
libegl-mesa0:armhf	22.3.6-1+deb12u2
libegl1:armhf	1.6.0-1
libelf1:armhf	0.188-2.1
libenchant-2-2:armhf	2.3.3-2
libepoxy0:armhf	1.5.10-1
libestr0:armhf	0.1.11-1
libevdev2:armhf	1.13.0+dfsg-1
libexif12:armhf	0.6.24-1+deb12u1
libexpat1:armhf	2.5.0-1+deb12u2
libext2fs2:armhf	1.47.0-2+b2
libfastjson4:armhf	1.2304.0-1
libfdisk1:armhf	2.38.1-5+deb12u3
libfdt1:armhf	1.6.1-4+b1
libffi8:armhf	3.4.4-1
libfftw3-single3:armhf	3.3.10-1
libfido2-1:armhf	1.12.0-2+b1
libfile-find-rule-perl	0.34-4~deb12u1
libfile-fnmatch-perl	0.02-3+b1
libflac12:armhf	1.4.2+ds-2
libflite1:armhf	2.2-5
libfltk-cairo1.3:armhf	1.3.8-5
libfltk-forms1.3:armhf	1.3.8-5
libfltk-gl1.3:armhf	1.3.8-5
libfltk-images1.3:armhf	1.3.8-5
libfltk1.3:armhf	1.3.8-5
libfltk1.3-dev:armhf	1.3.8-5
libfm-data	1.3.2-1
libfm-extra4:armhf	1.3.2-1
libfm-gtk-data	1.3.2-1
libfm-gtk4:armhf	1.3.2-1
libfm4:armhf	1.3.2-1
libfontconfig1:armhf	2.14.1-4
libfontenc1:armhf	1:1.1.4-1
libfreetype6:armhf	2.12.1+dfsg-5+deb12u4
libfribidi0:armhf	1.0.8-2.1
libgav1-1:armhf	0.18.0-1+b1
libgbm1:armhf	22.3.6-1+deb12u2
libgcc-12-dev:armhf	12.2.0-14+deb12u1
libgcc-s1:armhf	12.2.0-14+deb12u1
libgcrypt20:armhf	1.10.1-3+deb12u1
libgdbm-compat4:armhf	1.23-3
libgdbm6:armhf	1.23-3
libgdk-pixbuf-2.0-0:armhf	2.42.10+dfsg-1+deb12u4
libgdk-pixbuf2.0-common	2.42.10+dfsg-1+deb12u4
libgfortran5:armhf	12.2.0-14+deb12u1
libgif7:armhf	5.2.1-2.5+deb12u1
libgirepository-1.0-1:armhf	1.74.0-3
libgl1:armhf	1.6.0-1
libgl1-mesa-dri:armhf	22.3.6-1+deb12u2
libglapi-mesa:armhf	22.3.6-1+deb12u2
libgles2:armhf	1.6.0-1
libglib2.0-0:armhf	2.74.6-2+deb12u9
libglib2.0-bin	2.74.6-2+deb12u9
libglib2.0-data	2.74.6-2+deb12u9
libglvnd0:armhf	1.6.0-1
libglx-mesa0:armhf	22.3.6-1+deb12u2
libglx0:armhf	1.6.0-1
libgme0:armhf	0.6.3-6
libgmp10:armhf	2:6.2.1+dfsg1-1.1
libgnutls30:armhf	3.7.9-2+deb12u7
libgoffice-0.10-10	0.10.55-1
libgoffice-0.10-10-common	0.10.55-1
libgomp1:armhf	12.2.0-14+deb12u1
libgpg-error0:armhf	1.46-1
libgpiod2:armhf	1.6.3-1+b3
libgpm2:armhf	1.20.7-10+b1
libgraphite2-3:armhf	1.3.14-1+deb12u1
libgs-common	10.0.0~dfsg-11+deb12u8
libgs10:armhf	10.0.0~dfsg-11+deb12u8
libgs10-common	10.0.0~dfsg-11+deb12u8
libgsf-1-114:armhf	1.14.50-1+deb12u1
libgsf-1-common	1.14.50-1+deb12u1
libgsm1:armhf	1.0.22-1
libgssapi-krb5-2:armhf	1.20.1-2+deb12u5
libgstreamer-gl1.0-0:armhf	1.22.0-3+deb12u6
libgstreamer-plugins-base1.0-0:armhf	1.22.0-3+deb12u6
libgstreamer1.0-0:armhf	1.22.0-2+deb12u1
libgtk-3-0:armhf	3.24.38-2~deb12u3
libgtk-3-common	3.24.38-2~deb12u3
libgtk2.0-0:armhf	2.24.33-2+deb12u1
libgtk2.0-common	2.24.33-2+deb12u1
libgudev-1.0-0:armhf	237-2
libharfbuzz-icu0:armhf	6.0.0+dfsg-3
libharfbuzz0b:armhf	6.0.0+dfsg-3
libheif1:armhf	1.15.1-1+deb12u1
libhogweed6:armhf	3.8.1-2
libhunspell-1.7-0:armhf	1.7.1-1
libhwy1:armhf	1.0.3-3+deb12u1
libhyphen0:armhf	2.8.8-7
libical3:armhf	3.0.16-1+b1
libice6:armhf	2:1.0.10-1
libicu72:armhf	72.1-3+deb12u1
libid3tag0:armhf	0.15.1b-14
libidn12:armhf	1.41-1
libidn2-0:armhf	2.3.3-1+b1
libiec61883-0:armhf	1.2.0-6+b1
libijs-0.35:armhf	0.35-15
libimlib2:armhf	1.10.0-4+deb12u1
libiniparser1:armhf	4.1-6
libinput-bin	1.22.1-1+deb12u1
libinput10:armhf	1.22.1-1+deb12u1
libip4tc2:armhf	1.8.9-2
libisl23:armhf	0.25-1.1
libjack-jackd2-0:armhf	1.9.21~dfsg-3
libjansson4:armhf	2.14-2
libjavascriptcoregtk-4.0-18:armhf	2.50.6-1~deb12u2
libjbig0:armhf	2.1-6.1
libjbig2dec0:armhf	0.19-3
libjpeg-dev:armhf	1:2.1.5-2
libjpeg62-turbo:armhf	1:2.1.5-2
libjpeg62-turbo-dev:armhf	1:2.1.5-2
libjq1:armhf	1.6-2.1+deb12u2
libjson-c5:armhf	0.16-2
libjson-glib-1.0-0:armhf	1.6.6-1
libjson-glib-1.0-common	1.6.6-1
libjxl0.7:armhf	0.7.0-10+deb12u1
libk5crypto3:armhf	1.20.1-2+deb12u5
libkeyutils1:armhf	1.6.3-2
libklibc:armhf	2.0.12-1
libkmod2:armhf	30+20221128-1
libkrb5-3:armhf	1.20.1-2+deb12u5
libkrb5support0:armhf	1.20.1-2+deb12u5
libksba8:armhf	1.6.3-2
liblapack3:armhf	3.11.0-2
liblcms2-2:armhf	2.14-2+deb12u1
libldap-2.5-0:armhf	2.5.13+dfsg-5
liblerc4:armhf	4.0.0+ds-2
liblilv-0-0:armhf	0.24.14-1
libllvm15:armhf	1:15.0.6-4+b1
liblocale-gettext-perl	1.07-5
liblognorm5:armhf	2.0.6-4
libltdl7:armhf	2.4.7-7~deb12u1
liblua5.2-0:armhf	5.2.4-3
libluajit-5.1-2:armhf	2.1.0~beta3+git20220320+dfsg-4.1+deb12u1
libluajit-5.1-common	2.1.0~beta3+git20220320+dfsg-4.1+deb12u1
liblz4-1:armhf	1.9.4-1
liblzma5:armhf	5.4.1-1+deb12u1
liblzo2-2:armhf	2.10-2
libmanette-0.2-0:armhf	0.2.6-3+b1
libmbedcrypto7:armhf	2.28.3-1
libmd0:armhf	1.0.4-2
libmd4c0:armhf	0.4.8-1
libmenu-cache-bin	1.1.0-1.1
libmenu-cache3:armhf	1.1.0-1.1
libmhash2:armhf	0.9.9.9-9
libmnl0:armhf	1.0.4-3
libmount1:armhf	2.38.1-5+deb12u3
libmp3lame0:armhf	3.100-6
libmpc3:armhf	1.3.1-1
libmpfr6:armhf	4.2.0-1
libmpg123-0:armhf	1.31.2-1+deb12u1
libmtdev1:armhf	1.1.6-1
libmujs2:armhf	1.3.2-1
libmysofa1:armhf	1.3.1~dfsg0-1
libncurses6:armhf	6.4-4
libncursesw6:armhf	6.4-4
libnetplan0:armhf	0.106-2+deb12u1
libnettle8:armhf	3.8.1-2
libnewt0.52:armhf	0.52.23-1+b1
libnghttp2-14:armhf	1.52.0-1+deb12u3
libnl-3-200:armhf	3.7.0-0.2+b1
libnl-genl-3-200:armhf	3.7.0-0.2+b1
libnl-route-3-200:armhf	3.7.0-0.2+b1
libnm0:armhf	1.42.4-1+deb12u1
libnorm1:armhf	1.5.9+dfsg-2
libnotify4:armhf	0.8.1-1
libnpth0:armhf	1.6-3
libnsl-dev:armhf	1.3.0-2
libnsl2:armhf	1.3.0-2
libnspr4:armhf	2:4.35-1
libnss3:armhf	2:3.87.1-1+deb12u3
libnumber-compare-perl	0.03-3
libogg0:armhf	1.3.5-3
libonig5:armhf	6.9.8-1
libopenal-data	1:1.19.1-2
libopenal1:armhf	1:1.19.1-2
libopenjp2-7:armhf	2.5.0-2+deb12u3
libopenmpt0:armhf	0.6.9-1
libopus0:armhf	1.3.1-3
liborc-0.4-0:armhf	1:0.4.33-2
libots0:armhf	0.5.0-8
libp11-kit0:armhf	0.24.1-2
libpam-modules:armhf	1.5.2-6+deb12u2
libpam-modules-bin	1.5.2-6+deb12u2
libpam-runtime	1.5.2-6+deb12u2
libpam-systemd:armhf	252.39-1~deb12u2
libpam0g:armhf	1.5.2-6+deb12u2
libpango-1.0-0:armhf	1.50.12+ds-1
libpangocairo-1.0-0:armhf	1.50.12+ds-1
libpangoft2-1.0-0:armhf	1.50.12+ds-1
libpangoxft-1.0-0:armhf	1.50.12+ds-1
libpaper1:armhf	1.1.29
libparted2:armhf	3.5-3
libpciaccess0:armhf	0.17-2
libpcre2-16-0:armhf	10.42-1
libpcre2-8-0:armhf	10.42-1
libpcsclite1:armhf	1.9.9-2
libperl5.36:armhf	5.36.0-7+deb12u3
libpgm-5.3-0:armhf	5.3.128~dfsg-2
libphonenumber8:armhf	8.12.57+ds-3
libpipeline1:armhf	1.5.7-1
libpipewire-0.3-0:armhf	0.3.65-3+deb12u1
libpixman-1-0:armhf	0.42.2-1
libpkgconf3:armhf	1.8.1-1
libplacebo208:armhf	4.208.0-3
libpng-dev:armhf	1.6.39-2+deb12u5
libpng16-16:armhf	1.6.39-2+deb12u5
libpocketsphinx3:armhf	0.8+5prealpha+1-15
libpolkit-agent-1-0:armhf	122-3
libpolkit-gobject-1-0:armhf	122-3
libpopt0:armhf	1.19+dfsg-1
libpostproc56:armhf	7:5.1.9-0+deb12u1
libproc2-0:armhf	2:4.0.2-3
libprotobuf32:armhf	3.21.12-3+deb12u1
libproxy1v5:armhf	0.4.18-1.2
libpsl5:armhf	0.21.2-1
libpthread-stubs0-dev:armhf	0.4-1
libpulse-mainloop-glib0:armhf	16.1+dfsg1-2+b1
libpulse0:armhf	16.1+dfsg1-2+b1
libpython3-stdlib:armhf	3.11.2-1+b1
libpython3.11-minimal:armhf	3.11.2-6+deb12u8
libpython3.11-stdlib:armhf	3.11.2-6+deb12u8
libqt5core5a:armhf	5.15.8+dfsg-11+deb12u3
libqt5dbus5:armhf	5.15.8+dfsg-11+deb12u3
libqt5gui5:armhf	5.15.8+dfsg-11+deb12u3
libqt5network5:armhf	5.15.8+dfsg-11+deb12u3
libqt5svg5:armhf	5.15.8-3
libqt5widgets5:armhf	5.15.8+dfsg-11+deb12u3
librabbitmq4:armhf	0.11.0-1+deb12u2
libraptor2-0:armhf	2.0.15-4+deb12u1
librasqal3:armhf	0.9.33-2
librav1e0:armhf	0.5.1-6
libraw1394-11:armhf	2.1.2-2
librdf0:armhf	1.0.17-3
libreadline8:armhf	8.2-1.3
librevenge-0.0-0:armhf	0.0.5-3
librist4:armhf	0.2.7+dfsg-1
librsvg2-2:armhf	2.54.7+dfsg-1~deb12u1
librsvg2-common:armhf	2.54.7+dfsg-1~deb12u1
librtmp1:armhf	2.4+20151223.gitfa8646d.1-2+b2
librubberband2:armhf	3.1.2+dfsg0-1
libsamplerate0:armhf	0.2.2-3
libsasl2-2:armhf	2.1.28+dfsg-10
libsasl2-modules-db:armhf	2.1.28+dfsg-10
libsdl2-2.0-0:armhf	2.26.5+dfsg-1
libseccomp2:armhf	2.5.4-1+deb12u1
libsecret-1-0:armhf	0.20.5-3
libsecret-common	0.20.5-3
libselinux1:armhf	3.4-1+b6
libsemanage-common	3.4-1
libsemanage2:armhf	3.4-1+b5
libsensors-config	1:3.6.0-7.1
libsensors5:armhf	1:3.6.0-7.1
libsepol2:armhf	3.4-2.1
libserd-0-0:armhf	0.30.16-1
libshine3:armhf	3.1.1-2
libshout3:armhf	2.4.6-1+b1
libsixel1:armhf	1.10.3-3
libslang2:armhf	2.3.3-3
libsm6:armhf	2:1.2.3-1
libsmartcols1:armhf	2.38.1-5+deb12u3
libsnappy1v5:armhf	1.1.9-3
libsndfile1:armhf	1.2.0-1+deb12u1
libsndio7.0:armhf	1.9.0-0.3+b2
libsodium23:armhf	1.0.18-1+deb12u1
libsord-0-0:armhf	0.16.14+git221008-1
libsoup-3.0-0:armhf	3.2.3-0+deb12u2
libsoup-3.0-common	3.2.3-0+deb12u2
libsoup2.4-1:armhf	2.74.3-1+deb12u1
libsoup2.4-common	2.74.3-1+deb12u1
libsoxr0:armhf	0.1.3-4
libspa-0.2-modules:armhf	0.3.65-3+deb12u1
libspectre1:armhf	0.2.12-1
libspeex1:armhf	1.2.1-2
libsphinxbase3:armhf	0.8+5prealpha+1-16
libsqlite3-0:armhf	3.40.1-2+deb12u2
libsratom-0-0:armhf	0.6.14-1
libsrt1.5-gnutls:armhf	1.5.1-1+deb12u1
libss2:armhf	1.47.0-2+b2
libssh-gcrypt-4:armhf	0.10.6-0+deb12u2
libssh2-1:armhf	1.10.0-3+b1
libssl-dev:armhf	3.0.20-1~deb12u2
libssl3:armhf	3.0.20-1~deb12u2
libstdc++-12-dev:armhf	12.2.0-14+deb12u1
libstdc++6:armhf	12.2.0-14+deb12u1
libsvtav1enc1:armhf	1.4.1+dfsg-1
libswresample4:armhf	7:5.1.9-0+deb12u1
libswscale6:armhf	7:5.1.9-0+deb12u1
libsystemd-shared:armhf	252.39-1~deb12u2
libsystemd0:armhf	252.39-1~deb12u2
libtag1v5:armhf	1.13-2+deb12u1
libtag1v5-vanilla:armhf	1.13-2+deb12u1
libtasn1-6:armhf	4.19.0-2+deb12u1
libtcl8.6:armhf	8.6.13+dfsg-2
libtdb1:armhf	1.4.8-2
libtext-glob-perl	0.11-3
libtext-iconv-perl:armhf	1.7-8
libthai-data	0.1.29-1
libthai0:armhf	0.1.29-1
libtheora0:armhf	1.1.1+dfsg.1-16.1+deb12u1
libtidy5deb1:armhf	2:5.6.0-11
libtiff6:armhf	4.5.0-6+deb12u4
libtinfo6:armhf	6.4-4
libtirpc-common	1.3.3+ds-1
libtirpc-dev:armhf	1.3.3+ds-1
libtirpc3:armhf	1.3.3+ds-1
libtwolame0:armhf	0.4.0-2
libubsan1:armhf	12.2.0-14+deb12u1
libuchardet0:armhf	0.0.7-1
libudev1:armhf	252.39-1~deb12u2
libudfread0:armhf	1.1.2-1
libunistring2:armhf	1.0-2
libunwind8:armhf	1.6.2-3
libusb-1.0-0:armhf	2:1.0.26-1
libutempter0:armhf	1.2.1-3
libuuid1:armhf	2.38.1-5+deb12u3
libv4l-0:armhf	1.22.1-5+b2
libv4l2rds0:armhf	1.22.1-5+b2
libv4lconvert0:armhf	1.22.1-5+b2
libva-drm2:armhf	2.17.0-1
libva-wayland2:armhf	2.17.0-1
libva-x11-2:armhf	2.17.0-1
libva2:armhf	2.17.0-1
libvdpau1:armhf	1.5-2
libvidstab1.1:armhf	1.1.0-2+b1
libvisual-0.4-0:armhf	0.4.0-19
libvorbis0a:armhf	1.3.7-1
libvorbisenc2:armhf	1.3.7-1
libvorbisfile3:armhf	1.3.7-1
libvpx7:armhf	1.12.0-1+deb12u5
libvte-2.91-0:armhf	0.70.6-2~deb12u1
libvte-2.91-common	0.70.6-2~deb12u1
libvulkan1:armhf	1.3.239.0-1
libwacom-common	2.6.0-1
libwacom9:armhf	2.6.0-1
libwavpack1:armhf	5.6.0-1
libwayland-client0:armhf	1.21.0-1
libwayland-cursor0:armhf	1.21.0-1
libwayland-egl1:armhf	1.21.0-1
libwayland-server0:armhf	1.21.0-1
libwebkit2gtk-4.0-37:armhf	2.50.6-1~deb12u2
libwebp-dev:armhf	1.2.4-0.2+deb12u1
libwebp7:armhf	1.2.4-0.2+deb12u1
libwebpdemux2:armhf	1.2.4-0.2+deb12u1
libwebpmux3:armhf	1.2.4-0.2+deb12u1
libwebrtc-audio-processing1:armhf	0.3-1+b1
libwmf-0.2-7:armhf	0.2.12-5.1
libwmflite-0.2-7:armhf	0.2.12-5.1
libwoff1:armhf	1.0.2-2
libwpd-0.10-10:armhf	0.10.3-2+b1
libwpg-0.3-3:armhf	0.3.3-1
libwrap0:armhf	7.6.q-32
libwv-1.2-4:armhf	1.2.9-5
libx11-6:armhf	2:1.8.4-2+deb12u2
libx11-data	2:1.8.4-2+deb12u2
libx11-dev:armhf	2:1.8.4-2+deb12u2
libx11-xcb1:armhf	2:1.8.4-2+deb12u2
libx264-164:armhf	2:0.164.3095+gitbaee400-3
libx265-199:armhf	3.5-2+b1
libxau-dev:armhf	1:1.0.9-1
libxau6:armhf	1:1.0.9-1
libxaw7:armhf	2:1.0.14-1
libxcb-dri2-0:armhf	1.15-1
libxcb-dri3-0:armhf	1.15-1
libxcb-glx0:armhf	1.15-1
libxcb-icccm4:armhf	0.4.1-1.1
libxcb-image0:armhf	0.4.0-2
libxcb-keysyms1:armhf	0.4.0-1+b2
libxcb-present0:armhf	1.15-1
libxcb-randr0:armhf	1.15-1
libxcb-render-util0:armhf	0.3.9-1+b1
libxcb-render0:armhf	1.15-1
libxcb-shape0:armhf	1.15-1
libxcb-shm0:armhf	1.15-1
libxcb-sync1:armhf	1.15-1
libxcb-util1:armhf	0.4.0-1+b1
libxcb-xfixes0:armhf	1.15-1
libxcb-xinerama0:armhf	1.15-1
libxcb-xinput0:armhf	1.15-1
libxcb-xkb1:armhf	1.15-1
libxcb1:armhf	1.15-1
libxcb1-dev:armhf	1.15-1
libxcomposite1:armhf	1:0.4.5-1
libxcursor1:armhf	1:1.2.1-1
libxcvt0:armhf	0.1.2-1
libxdamage1:armhf	1:1.1.6-1
libxdmcp-dev:armhf	1:1.1.2-3
libxdmcp6:armhf	1:1.1.2-3
libxext6:armhf	2:1.3.4-1+b1
libxfixes3:armhf	1:6.0.0-2
libxfont2:armhf	1:2.0.6-1+deb12u1
libxft2:armhf	2.3.6-1
libxi6:armhf	2:1.8-1+b1
libxinerama1:armhf	2:1.1.4-3
libxkbcommon-x11-0:armhf	1.5.0-1
libxkbcommon0:armhf	1.5.0-1
libxkbfile1:armhf	1:1.1.0-1
libxml2:armhf	2.9.14+dfsg-1.3~deb12u6
libxmu6:armhf	2:1.1.3-3
libxmuu1:armhf	2:1.1.3-3
libxpm4:armhf	1:3.5.12-1.1+deb12u1
libxpresent1:armhf	1.0.0-2+b10
libxrandr2:armhf	2:1.5.2-2+b1
libxrender1:armhf	1:0.9.10-1.1
libxshmfence1:armhf	1.3-1
libxslt1.1:armhf	1.1.35-1+deb12u4
libxss1:armhf	1:1.2.3-1
libxt6:armhf	1:1.2.1-1.1
libxtables12:armhf	1.8.9-2
libxtst6:armhf	2:1.2.3-1.1
libxv1:armhf	2:1.0.11-1.1
libxvidcore4:armhf	2:1.3.7-1
libxxf86dga1:armhf	2:1.1.5-1
libxxf86vm1:armhf	1:1.1.4-1+b2
libxxhash0:armhf	0.8.1-1
libyajl2:armhf	2.1.0-3+deb12u2
libyaml-0-2:armhf	0.2.5-1
libyuv0:armhf	0.0~git20230123.b2528b0-1
libz3-4:armhf	4.8.12-3.1
libzimg2:armhf	3.0.4+ds1-1
libzmq5:armhf	4.3.4-6
libzstd1:armhf	1.5.4+dfsg2-5
libzvbi-common	0.2.41-1+deb12u1
libzvbi0:armhf	0.2.41-1+deb12u1
linux-base	4.12.1~deb12u1
linux-dtb-legacy-sunxi	26.08.0-trunk
linux-image-legacy-sunxi	26.08.0-trunk
linux-libc-dev:armhf	6.1.177-1
linux-u-boot-q8-a33-legacy	26.08.0-trunk
locales	2.36-9+deb12u14
login	1:4.13+dfsg1-1+deb12u2
logrotate	3.21.0-1
logsave	1.47.0-2+b2
lsb-release	12.0-1
lsof	4.95.0-1
lua-filesystem:armhf	1.8.0-3
luakit	1:2.3.3-1
lxmenu-data	0.1.5-2.1
lxterminal	0.4.0-2
make	4.3-4.1
man-db	2.11.2-2
mawk	1.3.4.20200120-3.1
media-types	10.0.0
mesa-utils	8.5.0-1
mesa-utils-bin:armhf	8.5.0-1
mmc-utils	0+git20220624.d7b343fd-1
mount	2.38.1-5+deb12u3
mpv	0.35.1-4
mtd-utils	1:2.1.5-1
nano	7.2-1+deb12u1
ncurses-base	6.4-4
ncurses-bin	6.4-4
ncurses-term	6.4-4
netbase	6.4
netplan.io	0.106-2+deb12u1
netsurf-common	3.10-1
netsurf-gtk	3.10-1+b3
notification-daemon	3.20.0-4+b1
ocl-icd-libopencl1:armhf	2.3.1-1
onboard	1.4.1-5+b7
onboard-common	1.4.1-5
openssh-client	1:9.2p1-2+deb12u10
openssh-server	1:9.2p1-2+deb12u10
openssh-sftp-server	1:9.2p1-2+deb12u10
openssl	3.0.20-1~deb12u2
pahole	1.24-4.1
parted	3.5-3
passwd	1:4.13+dfsg1-1+deb12u2
patch	2.7.6-7
pcmanfm	1.3.2-1
perl	5.36.0-7+deb12u3
perl-base	5.36.0-7+deb12u3
perl-modules-5.36	5.36.0-7+deb12u3
pinentry-curses	1.2.1-1
pkg-config:armhf	1.8.1-1
pkgconf:armhf	1.8.1-1
pkgconf-bin	1.8.1-1
polkitd	122-3
poppler-data	0.4.12-1
procps	2:4.0.2-3
psmisc	23.6-1
pv	1.6.20-1
pxlib1	0.6.8-1
python3	3.11.2-1+b1
python3-brotli	1.0.9-2+b6
python3-cairo:armhf	1.20.1-5+b1
python3-certifi	2022.9.24-1
python3-dbus	1.3.2-4+b1
python3-evdev	1.6.1+dfsg-1+b2
python3-gi	3.42.2-3+b1
python3-gi-cairo	3.42.2-3+b1
python3-markdown-it	2.1.0-5
python3-mdurl	0.1.2-1
python3-minimal	3.11.2-1+b1
python3-mutagen	1.46.0-1
python3-netifaces:armhf	0.11.0-2+b1
python3-pkg-resources	66.1.1-1+deb12u2
python3-pycryptodome	3.11.0+dfsg1-4
python3-pygments	2.14.0+dfsg-1
python3-rich	13.3.1-1
python3-websockets	10.4-1
python3-yaml	6.0-3+b2
python3.11	3.11.2-6+deb12u8
python3.11-minimal	3.11.2-6+deb12u8
readline-common	8.2-1.3
rfkill	2.38.1-5+deb12u3
rpcsvc-proto	1.4.3-1
rsync	3.2.7-1+deb12u6
rsyslog	8.2302.0-1+deb12u1
runit-helper	2.15.2
sed	4.9-1+deb12u1
sensible-utils	0.0.17+nmu1
sgml-base	1.31
shared-mime-info	2.2-1
sound-theme-freedesktop	0.8-2
sudo	1.9.13p3-1+deb12u4
systemd	252.39-1~deb12u2
systemd-resolved	252.39-1~deb12u2
systemd-sysv	252.39-1~deb12u2
systemd-timesyncd	252.39-1~deb12u2
sysvinit-utils	3.06-4
tar	1.34+dfsg-1.2+deb12u1
tcl-expect:armhf	5.45.4-2+b1
tcl8.6	8.6.13+dfsg-2
toilet	0.3-1.4
toilet-fonts	0.3-1.4
tzdata	2026b-0+deb12u1
u-boot-tools	2023.01+dfsg-2+deb12u3
ucf	3.0043+nmu1+deb12u1
udev	252.39-1~deb12u2
usbutils	1:014-1+deb12u1
usrmerge	37~deb12u1
util-linux	2.38.1-5+deb12u3
util-linux-extra	2.38.1-5+deb12u3
v4l-utils	1.22.1-5+b2
volumeicon-alsa	0.5.1+git20170117-1+b1
wget	1.21.3-1+deb12u1
whiptail	0.52.23-1+b1
wireguard-tools	1.0.20210914-1+b1
wireless-regdb	2026.05.30-1~deb12u1
wpagui	2:2.10-12+deb12u3
wpasupplicant	2:2.10-12+deb12u3
x11-common	1:7.7+23
x11-utils	7.7+5
x11-xkb-utils	7.7+7
x11proto-dev	2022.1-1
xauth	1:1.1.2-1
xbitmaps	1.1.1-2.2
xdg-dbus-proxy	0.1.4-3+deb12u1
xdg-utils	1.1.3-4.1
xfonts-encodings	1:1.0.4-2.2
xfonts-utils	1:7.7+6
xinit	1.4.0-1
xinput	1.6.3-1
xinput-calibrator	0.7.5+git20140201-1+b2
xkb-data	2.35.1-1
xml-core	0.18+nmu1
xorg-sgml-doctools	1:1.11-1.1
xserver-common	2:21.1.7-3+deb12u12
xserver-xorg	1:7.7+23
xserver-xorg-core	2:21.1.7-3+deb12u12
xserver-xorg-input-libinput	1.2.1-1+b1
xserver-xorg-legacy	2:21.1.7-3+deb12u12
xserver-xorg-video-all	1:7.7+23
xserver-xorg-video-amdgpu	23.0.0-1
xserver-xorg-video-ati	1:19.1.0-3
xserver-xorg-video-fbdev	1:0.5.0-2
xserver-xorg-video-nouveau	1:1.0.17-2
xserver-xorg-video-radeon	1:19.1.0-3
xserver-xorg-video-vesa	1:2.5.0-1+b1
xterm	379-1
xtrans-dev	1.4.0-1
xz-utils	5.4.1-1+deb12u1
yt-dlp	2023.03.04-1
yudit-common	3.1.0-1
zlib1g:armhf	1:1.2.13.dfsg-1
zlib1g-dev:armhf	1:1.2.13.dfsg-1
